{"cameraMode":{"drawMode":0,"name":"Shaded","section":"Shading Mode"},"sceneLighting":false,"audioPlay":false,"sceneViewState":{"m_AlwaysRefresh":false,"showFog":false,"showSkybox":false,"showFlares":false,"showImageEffects":false,"showParticleSystems":false,"showVisualEffectGraphs":true,"m_FxEnabled":false},"in2DMode":false,"pivot":{"x":-0.5489522218704224,"y":1.7243269681930543,"z":-0.2720171809196472},"rotation":{"x":0.0001414315338479355,"y":0.9982057809829712,"z":-0.06839355826377869,"w":-0.009127834811806679},"size":1.8054944276809693,"orthographic":false}