{"cameraMode":{"drawMode":0,"name":"Shaded","section":"Shading Mode"},"sceneLighting":false,"audioPlay":false,"sceneViewState":{"m_AlwaysRefresh":false,"showFog":false,"showSkybox":false,"showFlares":false,"showImageEffects":false,"showParticleSystems":false,"showVisualEffectGraphs":true,"m_FxEnabled":false},"in2DMode":false,"pivot":{"x":-2.384185791015625e-7,"y":0.761772632598877,"z":-0.029622137546539308},"rotation":{"x":0.2136789858341217,"y":-0.03604269027709961,"z":0.008971861563622952,"w":0.9767898917198181},"size":2.0571036338806154,"orthographic":false}