{"cameraMode":{"drawMode":0,"name":"Shaded","section":"Shading Mode"},"sceneLighting":false,"audioPlay":false,"sceneViewState":{"m_AlwaysRefresh":false,"showFog":true,"showSkybox":true,"showFlares":true,"showImageEffects":true,"showParticleSystems":true,"showVisualEffectGraphs":true,"m_FxEnabled":false},"in2DMode":false,"pivot":{"x":-69.76313781738281,"y":5.8930745124816898,"z":2.3187918663024904},"rotation":{"x":0.01249157264828682,"y":0.6895483136177063,"z":0.018248040229082109,"w":-0.7251991629600525},"size":34.82818603515625,"orthographic":false}