{"cameraMode":{"drawMode":0,"name":"Shaded","section":"Shading Mode"},"sceneLighting":false,"audioPlay":false,"sceneViewState":{"m_AlwaysRefresh":false,"showFog":false,"showSkybox":false,"showFlares":false,"showImageEffects":false,"showParticleSystems":false,"showVisualEffectGraphs":true,"m_FxEnabled":false},"in2DMode":false,"pivot":{"x":-0.020184814929962159,"y":0.9262290000915527,"z":0.034082770347595218},"rotation":{"x":-0.004586890339851379,"y":-0.9958118200302124,"z":0.09734710305929184,"w":-0.02136365696787834},"size":1.5592584609985352,"orthographic":false}