{"cameraMode":{"drawMode":0,"name":"Shaded","section":"Shading Mode"},"sceneLighting":false,"audioPlay":false,"sceneViewState":{"m_AlwaysRefresh":false,"showFog":false,"showSkybox":false,"showFlares":false,"showImageEffects":false,"showParticleSystems":false,"showVisualEffectGraphs":true,"m_FxEnabled":false},"in2DMode":false,"pivot":{"x":0.007066071033477783,"y":0.7622064352035523,"z":0.16460365056991578},"rotation":{"x":-0.008178782649338246,"y":-0.9940047860145569,"z":0.05013671889901161,"w":-0.10486114770174027},"size":0.997920036315918,"orthographic":false}