{"cameraMode":{"drawMode":0,"name":"Shaded","section":"Shading Mode"},"sceneLighting":false,"audioPlay":false,"sceneViewState":{"m_AlwaysRefresh":false,"showFog":false,"showSkybox":false,"showFlares":false,"showImageEffects":false,"showParticleSystems":false,"showVisualEffectGraphs":true,"m_FxEnabled":false},"in2DMode":false,"pivot":{"x":-0.015612930059432984,"y":0.7174919843673706,"z":0.16570889949798585},"rotation":{"x":-0.005938337184488773,"y":-0.9731178283691406,"z":0.23315899074077607,"w":-0.016955504193902017},"size":1.2397661209106446,"orthographic":false}