{"cameraMode":{"drawMode":0,"name":"Shaded","section":"Shading Mode"},"sceneLighting":false,"audioPlay":false,"sceneViewState":{"m_AlwaysRefresh":false,"showFog":false,"showSkybox":false,"showFlares":false,"showImageEffects":false,"showParticleSystems":false,"showVisualEffectGraphs":true,"m_FxEnabled":false},"in2DMode":false,"pivot":{"x":-0.04157620668411255,"y":0.8151504993438721,"z":0.12414473295211792},"rotation":{"x":0.2136789858341217,"y":-0.03604269027709961,"z":0.008971861563622952,"w":0.9767898917198181},"size":1.3031668663024903,"orthographic":false}